Frames,Time (ns),backbone or (resid 8 and name CB and resname ALA)
0.0,0.0,4.35519766323232
1.0,1.0,4.2884559099697315
2.0,2.0,4.43151485747508
3.0,3.0,4.117114322968978
4.0,4.0,3.402443724985188
5.0,5.0,3.676808428245295
6.0,6.0,3.8550769245634546
7.0,7.0,3.735345653538159
8.0,8.0,3.7632609360315024
9.0,9.0,4.194015379405094
10.0,10.0,3.9862798760806513
11.0,11.0,4.269263817811136
12.0,12.0,3.6830145694818124
13.0,13.0,4.407899119371044
14.0,14.0,3.6666803097571066
15.0,15.0,3.8514024789649834
16.0,16.0,3.6211152345172204
17.0,17.0,3.793696644748879
18.0,18.0,3.8597481436658003
19.0,19.0,3.857095422098028
20.0,20.0,3.837036139619134
21.0,21.0,3.8769117052340567
22.0,22.0,4.1907288782054195
23.0,23.0,3.9763837350514066
24.0,24.0,3.8865941940776754
25.0,25.0,4.349025472749465
26.0,26.0,4.256879933474887
27.0,27.0,4.091876976500379
28.0,28.0,3.3167545268575243
29.0,29.0,3.573055439615332
30.0,30.0,3.6314033872105576
31.0,31.0,3.4471656243023556
32.0,32.0,3.419591136701998
33.0,33.0,3.4930530800185062
34.0,34.0,3.445288253754474
35.0,35.0,3.5931418721431463
36.0,36.0,3.638517750004164
37.0,37.0,3.4461238239309284
38.0,38.0,2.9650117455795777
39.0,39.0,3.9186436594357392
40.0,40.0,3.720501527797677
41.0,41.0,3.7508569596964243
42.0,42.0,3.8537808021963347
43.0,43.0,3.652014221969721
44.0,44.0,3.9996171404045207
45.0,45.0,3.9937278547445887
46.0,46.0,3.9408713975690275
47.0,47.0,3.920519183581342
48.0,48.0,4.068062257544702
49.0,49.0,4.432828118882664
50.0,50.0,4.581965272157388
51.0,51.0,4.564204311786615
52.0,52.0,4.559003758350762
53.0,53.0,4.767013384730366
54.0,54.0,4.338304746525944
55.0,55.0,4.534242682411682
56.0,56.0,4.751087440978932
57.0,57.0,5.383456494937866
58.0,58.0,4.798257757192197
59.0,59.0,5.172512623468042
60.0,60.0,5.066461198611145
61.0,61.0,3.7814753648542436
62.0,62.0,4.004590680329443
63.0,63.0,6.339293406606026
64.0,64.0,5.938157654858851
65.0,65.0,5.189759795895889
66.0,66.0,5.983552056358652
67.0,67.0,5.9396292167375995
68.0,68.0,6.308730415028608
69.0,69.0,6.34606113716933
70.0,70.0,6.151639359098971
71.0,71.0,6.335336787516823
72.0,72.0,5.739268977499154
73.0,73.0,4.816015520679631
74.0,74.0,4.399141933282647
75.0,75.0,4.616813957091712
76.0,76.0,5.259948596958067
77.0,77.0,5.331112939581199
78.0,78.0,4.946294451176248
79.0,79.0,5.123295042813518
80.0,80.0,5.183212183217832
81.0,81.0,5.131752613530612
82.0,82.0,4.7114971155361305
83.0,83.0,4.646421219848954
84.0,84.0,5.49440852822425
85.0,85.0,4.893821642323458
86.0,86.0,5.553159041786051
87.0,87.0,5.449873133795027
88.0,88.0,6.064195532085593
89.0,89.0,5.911109662766718
90.0,90.0,5.043600853937845
91.0,91.0,5.745845088964857
92.0,92.0,5.423316811385447
93.0,93.0,5.324810937651019
94.0,94.0,5.217217698820937
95.0,95.0,5.514952969155559
96.0,96.0,5.121836550056621
97.0,97.0,5.713029490195494
98.0,98.0,5.182694113363057
99.0,99.0,5.082293455932631
100.0,100.0,5.052399892269425
101.0,101.0,4.6380481566502105
102.0,102.0,5.016547987247308
103.0,103.0,5.198195949598418
104.0,104.0,5.270430274938324
105.0,105.0,4.459858448762558
106.0,106.0,4.948564881276217
107.0,107.0,4.9693048204210095
108.0,108.0,5.340044109632161
109.0,109.0,5.544941355042416
110.0,110.0,4.9301792957105866
111.0,111.0,5.43857853965153
112.0,112.0,5.386284661080977
113.0,113.0,4.889067193704323
114.0,114.0,4.729930414313294
115.0,115.0,5.353673312033969
116.0,116.0,5.18678439813132
117.0,117.0,4.986348882822655
118.0,118.0,4.680702818700194
119.0,119.0,4.886020721906631
120.0,120.0,5.10895213001321
121.0,121.0,5.522637176570608
122.0,122.0,5.6181457073399645
123.0,123.0,4.240423869181834
124.0,124.0,4.2331130240123525
125.0,125.0,4.007436245145516
126.0,126.0,4.204854182825742
127.0,127.0,3.961363637428672
128.0,128.0,3.9440309245364755
129.0,129.0,4.284578600748931
130.0,130.0,4.053798698234106
131.0,131.0,4.1817304340338355
132.0,132.0,4.070214031249245
133.0,133.0,4.247494988128952
134.0,134.0,4.0829447399867576
135.0,135.0,4.426383834344976
136.0,136.0,4.131471480944322
137.0,137.0,4.098270304971104
138.0,138.0,3.999866198137639
139.0,139.0,4.105235534706383
140.0,140.0,3.887445168135252
141.0,141.0,4.1358848083584245
142.0,142.0,3.921967772408551
143.0,143.0,3.9218320261984703
144.0,144.0,3.9299327017777554
145.0,145.0,4.033333955067443
146.0,146.0,4.005893917461115
147.0,147.0,3.8554021690101137
148.0,148.0,3.904378688891734
149.0,149.0,3.9105930484604388
150.0,150.0,3.7953277616391223
151.0,151.0,3.706976706395821
152.0,152.0,3.689125160372626
153.0,153.0,3.951025063680031
154.0,154.0,4.2783536268850515
155.0,155.0,4.233956784181242
156.0,156.0,4.0490970476163435
157.0,157.0,4.001080284216695
158.0,158.0,4.113542990134492
159.0,159.0,3.744796240187708
160.0,160.0,3.7644815013999375
161.0,161.0,4.0335691721117595
162.0,162.0,3.8384735759281723
163.0,163.0,3.8848971248884734
164.0,164.0,3.9519771215471717
165.0,165.0,3.9831144387731965
166.0,166.0,4.211450182727381
167.0,167.0,4.27161535793568
168.0,168.0,4.119526983849608
169.0,169.0,3.8396582283089846
170.0,170.0,3.7944417987210772
171.0,171.0,4.058731632349485
172.0,172.0,4.066942174156384
173.0,173.0,3.966881975477253
174.0,174.0,3.9888707136029646
175.0,175.0,3.9521697213897946
176.0,176.0,4.1318726830254295
177.0,177.0,4.149046958520086
178.0,178.0,3.9353112947135367
179.0,179.0,3.951521942866387
180.0,180.0,3.9688651183814336
181.0,181.0,4.005501638649732
182.0,182.0,4.107607155331122
183.0,183.0,4.041375529010385
184.0,184.0,4.112430382070097
185.0,185.0,4.172687960729402
186.0,186.0,4.025235416474298
187.0,187.0,3.9785905119393883
188.0,188.0,3.8873276274553215
189.0,189.0,3.9432616077759954
190.0,190.0,3.8406884992288264
191.0,191.0,3.940952181723645
192.0,192.0,3.9794240267056793
193.0,193.0,3.8610660434288655
194.0,194.0,4.136420655760284
195.0,195.0,4.111790939967993
196.0,196.0,3.873010703305496
197.0,197.0,3.9384052738906328
198.0,198.0,4.031361727865754
199.0,199.0,4.084426631585518
200.0,200.0,4.0995258993006285
201.0,201.0,3.936953898084025
202.0,202.0,4.08662001403448
203.0,203.0,4.020643468976329
204.0,204.0,4.045370929368246
205.0,205.0,3.922243137806823
206.0,206.0,3.9608665415585227
207.0,207.0,4.103763642386166
208.0,208.0,3.9712837553771116
209.0,209.0,4.174126326173156
210.0,210.0,3.89747276549024
211.0,211.0,4.343319580860427
212.0,212.0,3.8496087192034576
213.0,213.0,4.1270699469140855
214.0,214.0,3.9664467636638463
215.0,215.0,4.171641766435588
216.0,216.0,4.030540494897642
217.0,217.0,4.073242790604893
218.0,218.0,3.911317227159108
219.0,219.0,4.395457771206151
220.0,220.0,4.227892871798522
221.0,221.0,4.126897924782355
222.0,222.0,4.043034929853008
223.0,223.0,4.025976562382433
224.0,224.0,4.139821758412597
225.0,225.0,3.93485849598347
226.0,226.0,3.9620037645253454
227.0,227.0,3.9801569669664834
228.0,228.0,3.9786935124273253
229.0,229.0,4.005963680534076
230.0,230.0,3.938921565917294
231.0,231.0,4.0934044467348185
232.0,232.0,4.02466338692159
233.0,233.0,4.009032276739379
234.0,234.0,3.899145378101272
235.0,235.0,4.187305091647966
236.0,236.0,3.95471885026538
237.0,237.0,4.058820295255881
238.0,238.0,4.228561799573491
239.0,239.0,3.9469287843985836
240.0,240.0,4.069628975634545
241.0,241.0,4.113916676568137
242.0,242.0,4.1367142470074985
243.0,243.0,4.142555587909616
244.0,244.0,4.211043592141886
245.0,245.0,4.290829750836319
246.0,246.0,4.3236761736060085
247.0,247.0,4.37421087590164
248.0,248.0,4.294700677561095
249.0,249.0,4.652378305561585
250.0,250.0,4.436255630781583
251.0,251.0,4.906588176265031
252.0,252.0,4.752188207897907
253.0,253.0,4.520936892516957
254.0,254.0,4.916138769066648
255.0,255.0,5.030716161625088
256.0,256.0,5.031982934368603
257.0,257.0,5.955181335076618
258.0,258.0,5.759621078892221
259.0,259.0,5.518494050502252
260.0,260.0,5.107116597304496
261.0,261.0,5.962578349002282
262.0,262.0,5.563582651164197
263.0,263.0,5.180238534527285
264.0,264.0,5.490373506328615
265.0,265.0,6.102470902404304
266.0,266.0,5.438047852506625
267.0,267.0,5.202956769615084
268.0,268.0,4.821087011465261
269.0,269.0,4.790529720488603
270.0,270.0,4.620283906967053
271.0,271.0,5.147556962617419
272.0,272.0,4.76530383812339
273.0,273.0,4.542397684363185
274.0,274.0,4.882163118488092
275.0,275.0,5.182578220301534
276.0,276.0,5.753417750125524
277.0,277.0,4.820650809151531
278.0,278.0,5.188938573593121
279.0,279.0,4.951420287212773
280.0,280.0,4.8213208509489425
281.0,281.0,5.03528803632222
282.0,282.0,5.09469654687386
283.0,283.0,4.645948871145475
284.0,284.0,4.999051947584773
285.0,285.0,4.78684590605242
286.0,286.0,5.2897744868910035
287.0,287.0,5.279047873696169
288.0,288.0,4.81130632959721
289.0,289.0,4.448130472339023
290.0,290.0,4.588895478430228
291.0,291.0,4.682097572676025
292.0,292.0,4.70698852585396
293.0,293.0,4.773583988417505
294.0,294.0,4.427000430647816
295.0,295.0,4.583516435183665
296.0,296.0,4.693644753190634
297.0,297.0,4.7850067389748485
298.0,298.0,4.776653271750396
299.0,299.0,4.605213481032892
300.0,300.0,4.509796649016016
301.0,301.0,4.812171382930671
302.0,302.0,4.611159330362673
303.0,303.0,4.660696225650408
304.0,304.0,4.764047140194496
305.0,305.0,4.684274012859403
306.0,306.0,4.648297668878851
307.0,307.0,4.7850586019728665
308.0,308.0,4.619716625614778
309.0,309.0,4.581267805065897
310.0,310.0,4.8476434010912
311.0,311.0,4.772971567679759
312.0,312.0,4.953192756580844
313.0,313.0,4.623627224604382
314.0,314.0,4.466194559601828
315.0,315.0,5.017938036137404
316.0,316.0,4.658400893852054
317.0,317.0,4.626635197093132
318.0,318.0,4.753229901039167
319.0,319.0,4.857082328298771
320.0,320.0,4.965219322470584
321.0,321.0,5.123976162695594
322.0,322.0,4.908229397647857
323.0,323.0,4.655198857881505
324.0,324.0,4.802360227175437
325.0,325.0,4.713528495954827
326.0,326.0,4.81977761280798
327.0,327.0,4.573776767403928
328.0,328.0,4.639697360410831
329.0,329.0,4.400463428736404
330.0,330.0,4.7122363360409985
331.0,331.0,4.672116873738683
332.0,332.0,4.570581680216175
333.0,333.0,4.845342101622778
334.0,334.0,4.805240817119455
335.0,335.0,5.073831937815284
336.0,336.0,4.862305743234373
337.0,337.0,4.858689617083487
338.0,338.0,4.829972324904785
339.0,339.0,4.546143597419652
340.0,340.0,4.870090454922234
341.0,341.0,4.369089247270642
342.0,342.0,4.415417129341132
343.0,343.0,4.639829689657436
344.0,344.0,4.403534189552589
345.0,345.0,4.6068846455342625
346.0,346.0,4.505578494506138
347.0,347.0,4.607949576308282
348.0,348.0,4.790576497653503
349.0,349.0,4.924297649704558
350.0,350.0,4.9590181897949055
351.0,351.0,5.108962840277933
352.0,352.0,4.807011126151082
353.0,353.0,4.882066940214892
354.0,354.0,4.576677143714306
355.0,355.0,4.77854398022571
356.0,356.0,4.524816396534426
357.0,357.0,5.102105476563513
358.0,358.0,5.5722829705519175
359.0,359.0,5.377030464530492
360.0,360.0,5.394261055373923
361.0,361.0,5.3897610800381655
362.0,362.0,4.958140138041035
363.0,363.0,5.764860082819419
364.0,364.0,5.178997891849285
365.0,365.0,5.643389817264025
366.0,366.0,5.295562829315116
367.0,367.0,4.818383513919536
368.0,368.0,4.721658313457045
369.0,369.0,4.611688652436661
370.0,370.0,4.523689942109875
371.0,371.0,4.521182719515735
372.0,372.0,4.3758330081267305
373.0,373.0,4.470706621302758
374.0,374.0,4.370632044340966
375.0,375.0,4.553023237005352
376.0,376.0,4.560454515470777
377.0,377.0,4.693941790462326
378.0,378.0,4.569315596133839
379.0,379.0,4.73703435153363
380.0,380.0,5.015788208560889
381.0,381.0,5.2925080079570055
382.0,382.0,5.103104914922495
383.0,383.0,4.927864282184812
384.0,384.0,5.461092011638182
385.0,385.0,5.401738129222056
386.0,386.0,5.133577094993185
387.0,387.0,5.219826640389797
388.0,388.0,5.319450120638913
389.0,389.0,4.7159772183841735
390.0,390.0,4.592857570270463
391.0,391.0,4.65039829068309
392.0,392.0,4.689484332733763
393.0,393.0,4.285120079071471
394.0,394.0,4.55867468585614
395.0,395.0,4.398807259708663
396.0,396.0,4.761106623855331
397.0,397.0,4.720041453062769
398.0,398.0,4.574664348790233
399.0,399.0,4.482125167967423
400.0,400.0,4.534388375488434
401.0,401.0,4.556119699460116
402.0,402.0,4.383564765815574
403.0,403.0,4.3794578856666275
404.0,404.0,4.504820947573565
405.0,405.0,4.57593339284712
406.0,406.0,4.588976092735424
407.0,407.0,4.604441710519229
408.0,408.0,4.628233884715763
409.0,409.0,4.696608132074104
410.0,410.0,4.540763334743379
411.0,411.0,4.408040140928652
412.0,412.0,4.54451461656667
413.0,413.0,4.693292832832463
414.0,414.0,4.735561735796076
415.0,415.0,4.656089237826483
416.0,416.0,4.602869549374395
417.0,417.0,4.6725660942216605
418.0,418.0,4.858502617331006
419.0,419.0,4.772673390963878
420.0,420.0,4.533651821690076
421.0,421.0,4.664663868543503
422.0,422.0,4.4506455167274375
423.0,423.0,4.531138139602302
424.0,424.0,4.903462017176148
425.0,425.0,4.808401708709227
426.0,426.0,4.672861684423569
427.0,427.0,4.558717078153901
428.0,428.0,4.826388306799656
429.0,429.0,4.567709324025626
430.0,430.0,4.850697397584136
431.0,431.0,4.441912134089656
432.0,432.0,4.7304597431294555
433.0,433.0,4.7648388981012895
434.0,434.0,4.677745196993975
435.0,435.0,4.437620878767403
436.0,436.0,4.281804563429755
437.0,437.0,4.351399264686275
438.0,438.0,4.587078377993796
439.0,439.0,4.728411047278524
440.0,440.0,4.726959304264415
441.0,441.0,4.60277658289569
442.0,442.0,4.774038624993382
443.0,443.0,4.751916903717822
444.0,444.0,4.683575618339057
445.0,445.0,4.6879540552835
446.0,446.0,4.8772248160475895
447.0,447.0,4.8073993936582005
448.0,448.0,4.669578724538495
449.0,449.0,4.846823216033637
450.0,450.0,4.502199236476006
451.0,451.0,4.432935630512455
452.0,452.0,4.788576621422301
453.0,453.0,4.339660478665396
454.0,454.0,4.528074754539268
455.0,455.0,4.690463042525659
456.0,456.0,4.446340671093699
457.0,457.0,4.356929325831425
458.0,458.0,4.453882890042434
459.0,459.0,4.6008184024680885
460.0,460.0,4.3730324349694785
461.0,461.0,4.62302922450113
462.0,462.0,4.4819819986072575
463.0,463.0,4.855847955916478
464.0,464.0,4.6551547691000295
465.0,465.0,4.70945878259189
466.0,466.0,4.451368607335229
467.0,467.0,4.760317813161421
468.0,468.0,4.585357415050039
469.0,469.0,4.834510106192806
470.0,470.0,4.663469953024965
471.0,471.0,4.631811719218705
472.0,472.0,4.799284162284111
473.0,473.0,4.604591808140043
474.0,474.0,4.665218679356426
475.0,475.0,4.778653072128134
476.0,476.0,4.645784840893335
477.0,477.0,4.704376685541599
478.0,478.0,4.570262717963785
479.0,479.0,4.859647632232989
480.0,480.0,4.517356245040335
481.0,481.0,4.758102849681731
482.0,482.0,4.508099847482385
483.0,483.0,4.857062388841818
484.0,484.0,5.399753534770703
485.0,485.0,4.674511631942562
486.0,486.0,4.830104423519824
487.0,487.0,5.055936884506889
488.0,488.0,4.90599129901204
489.0,489.0,4.77699537172847
490.0,490.0,4.796571353330789
491.0,491.0,4.729864439204529
492.0,492.0,4.684771167284317
493.0,493.0,4.650975720633579
494.0,494.0,4.377404359702878
495.0,495.0,4.609414588087319
496.0,496.0,4.704668672786229
497.0,497.0,4.874533897206573
498.0,498.0,4.928634584122225
499.0,499.0,4.679568237110532
500.0,500.0,4.681908418004713
501.0,501.0,4.7168275810324385
502.0,502.0,4.7572035457946145
503.0,503.0,4.987130111533303
504.0,504.0,4.858573046758337
505.0,505.0,5.027208864514894
506.0,506.0,5.124796632768351
507.0,507.0,4.907702082636594
508.0,508.0,5.005023703300826
509.0,509.0,4.906055133265144
510.0,510.0,5.034868035831294
511.0,511.0,4.857099948312458
512.0,512.0,4.775132279951262
513.0,513.0,5.151044625665362
514.0,514.0,4.89058564885896
515.0,515.0,5.047365649131004
516.0,516.0,5.145367509649549
517.0,517.0,5.0401359288876355
518.0,518.0,5.027125884312867
519.0,519.0,4.930500550013117
520.0,520.0,4.914506810755776
521.0,521.0,5.040921435296173
522.0,522.0,5.136065992675921
523.0,523.0,4.898796145283877
524.0,524.0,4.81501643328454
525.0,525.0,4.9175161777938765
526.0,526.0,4.818962371077488
527.0,527.0,4.726005828910313
528.0,528.0,5.049409688278373
529.0,529.0,4.72992789430476
530.0,530.0,5.044143449771543
531.0,531.0,4.5341203392381075
532.0,532.0,4.560921745266107
533.0,533.0,4.5123529139182725
534.0,534.0,4.7433395026848775
535.0,535.0,4.797132881866196
536.0,536.0,4.95040684722293
537.0,537.0,4.984905678602772
538.0,538.0,4.978118918786315
539.0,539.0,5.413019024153508
540.0,540.0,4.5971125730846785
541.0,541.0,4.5331471051478776
542.0,542.0,4.7491314906797175
543.0,543.0,4.653314480825962
544.0,544.0,4.6773632793312885
545.0,545.0,4.8523711991917375
546.0,546.0,4.467493867512017
547.0,547.0,4.572227462445796
548.0,548.0,4.44422274530207
549.0,549.0,4.650473334550465
550.0,550.0,4.410022385567688
551.0,551.0,4.432534428619249
552.0,552.0,4.378646322926947
553.0,553.0,4.446387433299261
554.0,554.0,4.56728684308833
555.0,555.0,4.648466377386309
556.0,556.0,4.582423786669112
557.0,557.0,4.709057035702017
558.0,558.0,4.688507817623015
559.0,559.0,4.3074444183303795
560.0,560.0,4.339724161385713
561.0,561.0,4.300022240400741
562.0,562.0,4.471987795885455
563.0,563.0,4.204165262100809
564.0,564.0,4.3264200378272015
565.0,565.0,4.295390251115237
566.0,566.0,4.554703491448381
567.0,567.0,4.353892820394148
568.0,568.0,4.382556200297146
569.0,569.0,4.449737523143132
570.0,570.0,4.471386724096934
571.0,571.0,4.514388022597557
572.0,572.0,4.4444738119865725
573.0,573.0,4.38072501196294
574.0,574.0,4.570618224780408
575.0,575.0,4.504544736338741
576.0,576.0,4.593047129048398
577.0,577.0,4.446348009778673
578.0,578.0,4.3494576441292745
579.0,579.0,4.5242185913767745
580.0,580.0,4.430307032751391
581.0,581.0,4.414888268995362
582.0,582.0,4.514297190409272
583.0,583.0,4.425706379397107
584.0,584.0,4.521432946724953
585.0,585.0,4.5837582184751815
586.0,586.0,4.49818788942484
587.0,587.0,4.489005834665915
588.0,588.0,4.277946980085392
589.0,589.0,4.382672505306581
590.0,590.0,4.501019919573699
591.0,591.0,4.287641753205122
592.0,592.0,4.4437140906197845
593.0,593.0,4.513020782340677
594.0,594.0,4.495664500781007
595.0,595.0,4.472379295437939
596.0,596.0,4.4270318818366645
597.0,597.0,4.628170847066246
598.0,598.0,4.430266430961149
599.0,599.0,4.512156782474326
600.0,600.0,4.484270558839018
601.0,601.0,4.5356735680146505
602.0,602.0,4.3940324957154795
603.0,603.0,4.50481949840684
604.0,604.0,4.439073558861785
605.0,605.0,4.431123064249927
606.0,606.0,4.4058052469550635
607.0,607.0,4.276842568022791
608.0,608.0,4.42566104108835
609.0,609.0,4.328948793329432
610.0,610.0,4.330896542873601
611.0,611.0,4.263486336787591
612.0,612.0,4.459506955564534
613.0,613.0,4.4848546153704705
614.0,614.0,4.384519297853603
615.0,615.0,4.46738153193134
616.0,616.0,4.377437579645679
617.0,617.0,4.350879943308936
618.0,618.0,5.019544291168048
619.0,619.0,4.562890525875526
620.0,620.0,4.60899109615494
621.0,621.0,4.267699465604452
622.0,622.0,4.325691309422437
623.0,623.0,4.571069369672951
624.0,624.0,4.5887826216007666
625.0,625.0,4.3592192568912065
626.0,626.0,4.339394833144053
627.0,627.0,4.565087175313963
628.0,628.0,4.391314565273684
629.0,629.0,4.650713854439657
630.0,630.0,4.499934213330714
631.0,631.0,4.44020855736221
632.0,632.0,4.48318790481708
633.0,633.0,4.170369439386597
634.0,634.0,4.673083902045112
635.0,635.0,4.688257112007911
636.0,636.0,4.430178150559788
637.0,637.0,4.521976269957143
638.0,638.0,4.616694045703987
639.0,639.0,4.82512504756547
640.0,640.0,4.546312258732227
641.0,641.0,4.550277312246259
642.0,642.0,4.68587325364729
643.0,643.0,4.669173841639156
644.0,644.0,4.5196281602011315
645.0,645.0,4.675357796011237
646.0,646.0,4.7381462431381625
647.0,647.0,4.762108037092439
648.0,648.0,4.5225244086074285
649.0,649.0,4.808313477723213
650.0,650.0,4.684159447155412
651.0,651.0,4.709191444665469
652.0,652.0,4.715559805149401
653.0,653.0,4.845894668908818
654.0,654.0,4.671445434410488
655.0,655.0,4.640349312647311
656.0,656.0,4.821776986163545
657.0,657.0,4.653084526015602
658.0,658.0,4.738746347506843
659.0,659.0,4.696791946649619
660.0,660.0,4.71184002269019
661.0,661.0,4.742072926152307
662.0,662.0,4.625286851021483
663.0,663.0,4.5748865059971555
664.0,664.0,4.419058333959439
665.0,665.0,4.505974265046803
666.0,666.0,4.581845789172009
667.0,667.0,4.688416929239871
668.0,668.0,4.54612754799162
669.0,669.0,4.661623271635976
670.0,670.0,4.68892039426202
671.0,671.0,4.634641254176524
672.0,672.0,4.461408056797356
673.0,673.0,4.428254506642479
674.0,674.0,4.351951517856534
675.0,675.0,4.323156357453216
676.0,676.0,4.5665169024849135
677.0,677.0,4.440920270524798
678.0,678.0,4.394610972888729
679.0,679.0,4.686263370291486
680.0,680.0,4.549529137787058
681.0,681.0,4.522756607647125
682.0,682.0,4.5240558894132645
683.0,683.0,4.411489145781126
684.0,684.0,4.527245343634743
685.0,685.0,4.459139718580754
686.0,686.0,4.637756737928817
687.0,687.0,4.576030472742064
688.0,688.0,4.574702079539867
689.0,689.0,4.516981159476161
690.0,690.0,4.384142533905441
691.0,691.0,4.625161374005426
692.0,692.0,4.618374836450867
693.0,693.0,4.671940883366575
694.0,694.0,4.724522431682711
695.0,695.0,4.592730161941133
696.0,696.0,4.466658069701263
697.0,697.0,4.590099406784589
698.0,698.0,4.506859671419771
699.0,699.0,4.43045785939647
700.0,700.0,4.517767606052361
701.0,701.0,4.659387076547285
702.0,702.0,4.551542995914687
703.0,703.0,4.614632303603613
704.0,704.0,4.559157467051358
705.0,705.0,4.779435939782953
706.0,706.0,4.502181757971941
707.0,707.0,4.3990255044839035
708.0,708.0,4.449175768542094
709.0,709.0,4.549493049700793
710.0,710.0,4.559446701464512
711.0,711.0,4.543680162801357
712.0,712.0,4.587442801338215
713.0,713.0,4.531043622396475
714.0,714.0,4.613131645658512
715.0,715.0,4.653404495774197
716.0,716.0,4.781069110066313
717.0,717.0,4.437390406971891
718.0,718.0,4.418731086075987
719.0,719.0,4.315732253995631
720.0,720.0,4.378631142191555
721.0,721.0,4.418386499772973
722.0,722.0,4.735159894761247
723.0,723.0,4.49020490626363
724.0,724.0,4.496794349232422
725.0,725.0,4.5598388251655155
726.0,726.0,4.362761889865276
727.0,727.0,4.368644428764235
728.0,728.0,4.366382851063612
729.0,729.0,4.274526292638833
730.0,730.0,4.320424927411421
731.0,731.0,4.41680558015301
732.0,732.0,4.394852406896631
733.0,733.0,4.390777037033685
734.0,734.0,4.303550229148877
735.0,735.0,4.41456509851142
736.0,736.0,4.382847503322951
737.0,737.0,4.378163061256579
738.0,738.0,4.64331682406456
739.0,739.0,4.596965631219209
740.0,740.0,4.5356395732617685
741.0,741.0,4.391575523244102
742.0,742.0,4.621983577651517
743.0,743.0,4.5967267897112984
744.0,744.0,4.502223223623165
745.0,745.0,4.4743462128348686
746.0,746.0,4.5219099768707975
747.0,747.0,4.714968224392151
748.0,748.0,4.570759541926058
749.0,749.0,4.514603288982068
750.0,750.0,4.547672699442579
751.0,751.0,4.569299386127259
752.0,752.0,4.539037242090737
753.0,753.0,4.431108292271706
754.0,754.0,4.412242241909242
755.0,755.0,4.348282994710435
756.0,756.0,4.433449008389202
757.0,757.0,4.317239467489517
758.0,758.0,4.448602974473936
759.0,759.0,4.4574383436376985
760.0,760.0,4.507476706292591
761.0,761.0,4.449401295274072
762.0,762.0,4.433359266381366
763.0,763.0,4.480997246044182
764.0,764.0,4.415203987261859
765.0,765.0,4.410604939360672
766.0,766.0,4.254595795713722
767.0,767.0,4.129836428532694
768.0,768.0,4.377149566857912
769.0,769.0,4.318390700434771
770.0,770.0,4.0939370648477
771.0,771.0,4.286899043846734
772.0,772.0,4.351196075481845
773.0,773.0,4.332792242623828
774.0,774.0,4.449916386684967
775.0,775.0,4.258335575852097
776.0,776.0,4.574266969787369
777.0,777.0,4.622447070261848
778.0,778.0,4.542575003200621
779.0,779.0,4.561278128979242
780.0,780.0,4.394097903652557
781.0,781.0,4.425515627223061
782.0,782.0,4.595493719118185
783.0,783.0,4.492860515247639
784.0,784.0,4.612354348016395
785.0,785.0,4.436915805543789
786.0,786.0,4.447265411938567
787.0,787.0,4.408866865129667
788.0,788.0,4.411397876583442
789.0,789.0,4.288579136120863
790.0,790.0,4.310753236869773
791.0,791.0,4.297384850003822
792.0,792.0,4.301160508421564
793.0,793.0,4.569125692980473
794.0,794.0,4.205418742175713
795.0,795.0,4.222419231984527
796.0,796.0,4.555227422279424
797.0,797.0,4.377263042078381
798.0,798.0,4.105175994003756
799.0,799.0,3.9038013525999293
800.0,800.0,4.192185959267684
801.0,801.0,3.899198973603831
802.0,802.0,4.123372936999133
803.0,803.0,4.132454446258048
804.0,804.0,4.3589920715466794
805.0,805.0,4.521270196689853
806.0,806.0,4.332797858888376
807.0,807.0,4.425567521229847
808.0,808.0,4.425144961693924
809.0,809.0,4.485951854484987
810.0,810.0,4.420136006574243
811.0,811.0,4.44863358176581
812.0,812.0,4.9623125228035585
813.0,813.0,4.7617727277032875
814.0,814.0,4.284179398269636
815.0,815.0,4.390934743943455
816.0,816.0,4.302002212254537
817.0,817.0,4.596869624016657
818.0,818.0,4.227703313851371
819.0,819.0,4.422427218149238
820.0,820.0,4.435652110801938
821.0,821.0,4.4526311881096365
822.0,822.0,4.212191395286663
823.0,823.0,4.523770401558743
824.0,824.0,4.314140864659288
825.0,825.0,4.55537909577731
826.0,826.0,4.409528215257535
827.0,827.0,4.42741300598688
828.0,828.0,4.391858901743414
829.0,829.0,4.440796497370758
830.0,830.0,4.349128499324067
831.0,831.0,4.454071667425049
832.0,832.0,4.614250450775679
833.0,833.0,4.622281349942159
834.0,834.0,4.613899327634225
835.0,835.0,4.569445268023677
836.0,836.0,4.537666671249576
837.0,837.0,4.569462205904107
838.0,838.0,4.654719104416825
839.0,839.0,4.705970565813363
840.0,840.0,4.581568967721802
841.0,841.0,4.4814499842238895
842.0,842.0,4.567498648526215
843.0,843.0,4.4824198897761605
844.0,844.0,4.5179483692599804
845.0,845.0,4.57706965328924
846.0,846.0,4.2547649390246685
847.0,847.0,4.481727010965324
848.0,848.0,4.596267360847162
849.0,849.0,4.693754867947084
850.0,850.0,4.594242222629049
851.0,851.0,4.462489727541224
852.0,852.0,4.322171461898894
853.0,853.0,4.062332112029702
854.0,854.0,4.198987712333351
855.0,855.0,4.1847707501507525
856.0,856.0,4.416302364624376
857.0,857.0,4.653153404122724
858.0,858.0,4.279767529666982
859.0,859.0,4.27452929235277
860.0,860.0,4.319630143368078
861.0,861.0,4.325518888395081
862.0,862.0,4.405827243277764
863.0,863.0,4.449052031310225
864.0,864.0,4.396376087796122
865.0,865.0,4.475264514830193
866.0,866.0,4.4260793577862785
867.0,867.0,4.219185704668033
868.0,868.0,4.371455069227976
869.0,869.0,4.515353389026797
870.0,870.0,4.280918091886414
871.0,871.0,4.513729665575087
872.0,872.0,4.417530146209906
873.0,873.0,4.561369432066416
874.0,874.0,4.465463640471684
875.0,875.0,4.477392017457693
876.0,876.0,4.522049714085929
877.0,877.0,4.445105488637952
878.0,878.0,4.146085409894473
879.0,879.0,4.318875365183761
880.0,880.0,4.483740469018834
881.0,881.0,4.241851445840391
882.0,882.0,4.2664437974503615
883.0,883.0,4.349892140136874
884.0,884.0,4.602302604998058
885.0,885.0,4.593103410190734
886.0,886.0,4.515278145283006
887.0,887.0,4.541815645680291
888.0,888.0,4.581095725261052
889.0,889.0,4.508068868505986
890.0,890.0,4.503270369773407
891.0,891.0,4.503038343818714
892.0,892.0,4.315059896817315
893.0,893.0,4.620233593864005
894.0,894.0,4.317773149143464
895.0,895.0,4.37662419073595
896.0,896.0,4.4444045220294415
897.0,897.0,4.424608852243513
898.0,898.0,4.545338580607566
899.0,899.0,4.3913297135737945
900.0,900.0,4.427101289165798
901.0,901.0,4.499547543766344
902.0,902.0,4.365339360358336
903.0,903.0,4.28651523221022
904.0,904.0,4.537406550718022
905.0,905.0,4.575367827235564
906.0,906.0,4.667880367626556
907.0,907.0,4.520909894067485
908.0,908.0,4.677833012669695
909.0,909.0,4.675179638000618
910.0,910.0,4.7127189591682175
911.0,911.0,4.60131100245741
912.0,912.0,4.451412218923749
913.0,913.0,4.456545735262273
914.0,914.0,4.457055430232521
915.0,915.0,4.462712281515278
916.0,916.0,4.492404134631972
917.0,917.0,4.351450348770512
918.0,918.0,4.602877102390393
919.0,919.0,4.492539564407068
920.0,920.0,4.466230179437079
921.0,921.0,4.3401519922558895
922.0,922.0,4.652966373618103
923.0,923.0,4.595740470094019
924.0,924.0,4.338268240203284
925.0,925.0,4.415422058093346
926.0,926.0,4.171096130434561
927.0,927.0,4.324153226047305
928.0,928.0,4.469452472010023
929.0,929.0,4.5665297251967125
930.0,930.0,4.4481465648178915
931.0,931.0,4.228043143320382
932.0,932.0,4.3969043194040065
933.0,933.0,4.466512964628682
934.0,934.0,4.382724663574418
935.0,935.0,4.391177978150204
936.0,936.0,4.4781442693729065
937.0,937.0,4.422644378585804
938.0,938.0,4.1859246468653515
939.0,939.0,4.411156721215874
940.0,940.0,4.315299774676305
941.0,941.0,4.296670795855472
942.0,942.0,4.510240090201595
943.0,943.0,4.636806985180927
944.0,944.0,4.319887251255963
945.0,945.0,4.499646986573934
946.0,946.0,4.341078714163487
947.0,947.0,4.36597246276538
948.0,948.0,4.255044323296765
949.0,949.0,4.454679147805337
950.0,950.0,4.2761655417876865
951.0,951.0,4.347925862168913
952.0,952.0,4.431656716899035
953.0,953.0,4.248162648915599
954.0,954.0,4.620388717819408
955.0,955.0,4.276958540510654
956.0,956.0,4.70475449635313
957.0,957.0,4.730467686199654
958.0,958.0,4.543918376449972
959.0,959.0,4.633241473892677
960.0,960.0,4.31545107858715
961.0,961.0,4.323831167797082
962.0,962.0,4.380628469129811
963.0,963.0,5.383153558280015
964.0,964.0,5.965397793658695
965.0,965.0,5.895859292582703
966.0,966.0,6.007207856505255
967.0,967.0,5.835524399744574
968.0,968.0,6.313869779960117
969.0,969.0,5.961206811975843
970.0,970.0,6.055069527357145
971.0,971.0,6.282770268889443
972.0,972.0,5.693636453197553
973.0,973.0,6.204735844793355
974.0,974.0,5.756118110680712
975.0,975.0,5.311425948418947
976.0,976.0,5.547232284456437
977.0,977.0,4.997664611385422
978.0,978.0,4.513126316221898
979.0,979.0,4.779739339886288
980.0,980.0,4.767759559472555
981.0,981.0,5.524236294643745
982.0,982.0,5.0279235603679915
983.0,983.0,5.327628324842933
984.0,984.0,5.466811368421187
985.0,985.0,5.942717610057775
986.0,986.0,5.749871324881297
987.0,987.0,5.535854779629602
988.0,988.0,5.068111944079214
989.0,989.0,5.388299541360221
990.0,990.0,4.355153838160988
991.0,991.0,5.109793525764491
992.0,992.0,4.935187015117527
993.0,993.0,4.4153463369640535
994.0,994.0,4.4873692369541915
995.0,995.0,4.794192600667415
996.0,996.0,5.027461931267594
997.0,997.0,5.304295866313823
998.0,998.0,5.341669340647219
999.0,999.0,4.663604677185005
1000.0,1000.0,4.524220390911488
1001.0,1001.0,4.813584420437168
1002.0,1002.0,4.585295714087736
1003.0,1003.0,4.913775417340095
1004.0,1004.0,5.032593417999505
1005.0,1005.0,5.451547626454894
1006.0,1006.0,5.089722877030193
1007.0,1007.0,4.991271970348632
1008.0,1008.0,5.06912994614086
1009.0,1009.0,4.854845629392779
1010.0,1010.0,4.421881210340206
1011.0,1011.0,4.111746435937888
1012.0,1012.0,4.133845565104864
1013.0,1013.0,4.0795133101724295
1014.0,1014.0,3.89485433031201
1015.0,1015.0,4.943546298361608
1016.0,1016.0,4.8678918826475925
1017.0,1017.0,4.532779139590206
1018.0,1018.0,4.654353321059789
1019.0,1019.0,4.480216326262734
1020.0,1020.0,4.476992562226691
1021.0,1021.0,4.835583858741778
1022.0,1022.0,4.642603500624721
1023.0,1023.0,4.708458074920735
1024.0,1024.0,5.806246942753678
1025.0,1025.0,5.717427439292373
1026.0,1026.0,5.808894315042294
1027.0,1027.0,5.682862327713541
1028.0,1028.0,5.662103058818085
1029.0,1029.0,5.396543379530955
1030.0,1030.0,5.56264448933982
1031.0,1031.0,4.824254840744978
1032.0,1032.0,5.709550771339765
1033.0,1033.0,5.129465314773224
1034.0,1034.0,4.71655647423641
1035.0,1035.0,5.379358180144029
1036.0,1036.0,4.8428964495938205
1037.0,1037.0,4.4198072549549225
1038.0,1038.0,5.026239098647137
1039.0,1039.0,4.972762020291831
1040.0,1040.0,4.84074437241915
1041.0,1041.0,5.232369302716812
1042.0,1042.0,4.989577844817237
1043.0,1043.0,5.627435218741814
1044.0,1044.0,4.419331253131149
1045.0,1045.0,5.216742493114969
1046.0,1046.0,5.326671246208334
1047.0,1047.0,4.984041493166383
1048.0,1048.0,5.2899329888292215
1049.0,1049.0,5.1041668327162455
1050.0,1050.0,4.867703347217481
1051.0,1051.0,4.8593021637802245
1052.0,1052.0,4.799838367787447
1053.0,1053.0,5.55884061252591
1054.0,1054.0,4.764185070817483
1055.0,1055.0,5.011775573701245
1056.0,1056.0,4.7965376586860256
1057.0,1057.0,5.223889482742099
1058.0,1058.0,5.215238325871136
1059.0,1059.0,4.74656855153379
1060.0,1060.0,4.794201668858502
1061.0,1061.0,4.495787459104792
1062.0,1062.0,5.696942023181048
1063.0,1063.0,5.579234420446174
1064.0,1064.0,5.8880902367400045
1065.0,1065.0,5.79515749592641
1066.0,1066.0,6.3428976047779075
1067.0,1067.0,6.199244461260003
1068.0,1068.0,6.194018711719327
1069.0,1069.0,5.684573863301215
1070.0,1070.0,6.007313522430371
1071.0,1071.0,5.359509122316934
1072.0,1072.0,4.98822735357773
1073.0,1073.0,5.126064247201522
1074.0,1074.0,5.323421165588768
1075.0,1075.0,5.521008269612181
1076.0,1076.0,4.918356012927776
1077.0,1077.0,4.797288123724696
1078.0,1078.0,4.476438538410388
1079.0,1079.0,4.1461394808891825
1080.0,1080.0,5.091354854587794
1081.0,1081.0,4.983996476701261
1082.0,1082.0,4.438480097735808
1083.0,1083.0,5.5568971375599
1084.0,1084.0,4.878926428590933
1085.0,1085.0,5.412888646943379
1086.0,1086.0,5.434976189719058
1087.0,1087.0,5.815077686661655
1088.0,1088.0,5.838436819728425
1089.0,1089.0,5.708367317488459
1090.0,1090.0,5.728325816173456
1091.0,1091.0,5.666590076847153
1092.0,1092.0,5.413865422249146
1093.0,1093.0,5.888638751697142
1094.0,1094.0,5.556817205906625
1095.0,1095.0,5.518853307776865
1096.0,1096.0,5.5957337948081936
1097.0,1097.0,4.926541451318319
1098.0,1098.0,4.773231749596235
1099.0,1099.0,5.017848430699634
1100.0,1100.0,5.129261472198155
1101.0,1101.0,5.858507031535997
1102.0,1102.0,5.586929326120469
1103.0,1103.0,5.783040745534588
1104.0,1104.0,5.0801176979074825
1105.0,1105.0,5.00604393425241
1106.0,1106.0,5.95593701215331
1107.0,1107.0,5.768629527125521
1108.0,1108.0,4.581876987364596
1109.0,1109.0,4.82288546569787
1110.0,1110.0,4.939244320729355
1111.0,1111.0,4.977982959024244
1112.0,1112.0,5.196231527394292
1113.0,1113.0,5.277039462108439
1114.0,1114.0,4.509503480516805
1115.0,1115.0,4.89860145253938
1116.0,1116.0,5.487244732296366
1117.0,1117.0,5.164216869158701
1118.0,1118.0,5.1529251987843505
1119.0,1119.0,5.7271719001134676
1120.0,1120.0,5.4874910054092
1121.0,1121.0,5.485659835554526
1122.0,1122.0,4.129095397704328
1123.0,1123.0,4.290887122232662
1124.0,1124.0,6.350758927384792
1125.0,1125.0,6.037036875205279
1126.0,1126.0,6.401830207783322
1127.0,1127.0,6.145958790823911
1128.0,1128.0,6.410828471927371
1129.0,1129.0,6.689981976983722
1130.0,1130.0,6.686726513641524
1131.0,1131.0,6.897076337288549
1132.0,1132.0,6.823957050431748
1133.0,1133.0,6.826488649052426
1134.0,1134.0,6.403742349624522
1135.0,1135.0,6.433539741090908
1136.0,1136.0,6.390544097182032
1137.0,1137.0,6.285053194148197
1138.0,1138.0,6.292812985642536
1139.0,1139.0,5.934194692899041
1140.0,1140.0,5.949384390805966
1141.0,1141.0,6.494452400246293
1142.0,1142.0,6.263793947577113
1143.0,1143.0,6.47114244331968
1144.0,1144.0,6.2568826638450705
1145.0,1145.0,6.138595619989609
1146.0,1146.0,6.242255894160692
1147.0,1147.0,6.358932591191116
1148.0,1148.0,6.341378489937753
1149.0,1149.0,6.762184411648878
1150.0,1150.0,6.893911486584736
1151.0,1151.0,7.002661706556381
1152.0,1152.0,7.141607965302637
1153.0,1153.0,6.6564313895655545
1154.0,1154.0,7.032121385052205
1155.0,1155.0,6.727810253498614
1156.0,1156.0,7.236324967961303
1157.0,1157.0,6.907386306914721
1158.0,1158.0,7.127258728705048
1159.0,1159.0,6.755779664692858
1160.0,1160.0,6.774574159464783
1161.0,1161.0,6.916722294299422
1162.0,1162.0,7.003552339163307
1163.0,1163.0,7.0607546032664965
1164.0,1164.0,6.797187967630068
1165.0,1165.0,6.721688195427807
1166.0,1166.0,7.253725566747672
1167.0,1167.0,6.558772057047514
1168.0,1168.0,6.888902793165509
1169.0,1169.0,7.17850318139856
1170.0,1170.0,6.722306203111193
1171.0,1171.0,6.461728664335804
1172.0,1172.0,6.893862362611314
1173.0,1173.0,6.872575554494045
1174.0,1174.0,6.820297037377435
1175.0,1175.0,6.783875130955461
1176.0,1176.0,7.019688466418622
1177.0,1177.0,6.798860439471577
1178.0,1178.0,7.053101756358169
1179.0,1179.0,6.599951477331752
1180.0,1180.0,6.817634923337435
1181.0,1181.0,6.846113675872007
1182.0,1182.0,6.58641692744783
1183.0,1183.0,6.986592258388007
1184.0,1184.0,6.821884476973937
1185.0,1185.0,6.937417903239156
1186.0,1186.0,6.467531944175178
1187.0,1187.0,7.075261773365836
1188.0,1188.0,6.857427691237599
1189.0,1189.0,6.853738712834845
1190.0,1190.0,7.015868548851661
1191.0,1191.0,6.782539840777245
1192.0,1192.0,7.056666967623696
1193.0,1193.0,6.633119279492881
1194.0,1194.0,6.54242645554744
1195.0,1195.0,6.686001743379371
1196.0,1196.0,7.0221869229873635
1197.0,1197.0,6.868312807896216
1198.0,1198.0,7.327536619568496
1199.0,1199.0,6.90319843904402
1200.0,1200.0,7.149833186718843
1201.0,1201.0,7.008596022121399
1202.0,1202.0,7.158608376696609
1203.0,1203.0,6.975251023026376
1204.0,1204.0,6.825449104810787
1205.0,1205.0,6.8930522259720455
1206.0,1206.0,6.997260294343907
1207.0,1207.0,7.1512271798501965
1208.0,1208.0,7.004259648702136
1209.0,1209.0,6.769696557776439
1210.0,1210.0,7.176500591044212
1211.0,1211.0,6.530199047958448
1212.0,1212.0,6.923200333607384
1213.0,1213.0,6.652735823166504
1214.0,1214.0,7.089856307812038
1215.0,1215.0,6.629040062293043
1216.0,1216.0,6.887737231678611
1217.0,1217.0,6.1331765326625245
1218.0,1218.0,6.7645352608166
1219.0,1219.0,6.907243734560741
1220.0,1220.0,6.995321484600169
1221.0,1221.0,6.843032776548323
1222.0,1222.0,6.9055181603824005
1223.0,1223.0,6.808451918431409
1224.0,1224.0,6.954827019282453
1225.0,1225.0,6.874260567623654
1226.0,1226.0,6.6915289179013
1227.0,1227.0,6.687424307685959
1228.0,1228.0,6.663201804004188
1229.0,1229.0,6.829718306744736
1230.0,1230.0,6.549906303723837
1231.0,1231.0,6.856928240029826
1232.0,1232.0,6.768944440624691
1233.0,1233.0,6.755743227938068
1234.0,1234.0,6.89235186029182
1235.0,1235.0,7.077981416497802
1236.0,1236.0,6.184542653793272
1237.0,1237.0,5.7526698143490265
1238.0,1238.0,4.954145400009836
1239.0,1239.0,5.712625460460053
1240.0,1240.0,5.351075552570646
1241.0,1241.0,5.376087461982826
1242.0,1242.0,5.2895835757976535
1243.0,1243.0,5.546805853865467
1244.0,1244.0,5.561801994814793
1245.0,1245.0,5.292198409246225
1246.0,1246.0,5.492430100060029
1247.0,1247.0,5.221688645357794
1248.0,1248.0,5.327504997214504
1249.0,1249.0,5.445367911969845
1250.0,1250.0,5.441925250875917
1251.0,1251.0,5.367758160140918
1252.0,1252.0,5.426105940484514
1253.0,1253.0,5.842748312623404
1254.0,1254.0,5.697997117510881
1255.0,1255.0,5.482182703200512
1256.0,1256.0,5.837638840155386
1257.0,1257.0,5.6736945538245145
1258.0,1258.0,5.235195320461098
1259.0,1259.0,5.574949382188163
1260.0,1260.0,5.628858549952371
1261.0,1261.0,5.732907982056034
1262.0,1262.0,5.4666446066187575
1263.0,1263.0,5.242820513846964
1264.0,1264.0,5.24804159207777
1265.0,1265.0,5.242135796045184
1266.0,1266.0,5.2342613236325315
1267.0,1267.0,5.3554874782013435
1268.0,1268.0,5.388077918743117
1269.0,1269.0,5.010196639717463
1270.0,1270.0,5.221387358816955
1271.0,1271.0,5.361636175380482
1272.0,1272.0,5.391461258156161
1273.0,1273.0,5.5911776332402345
1274.0,1274.0,5.394203601125799
1275.0,1275.0,5.599917369325903
1276.0,1276.0,5.63390641862851
1277.0,1277.0,5.521299575700291
1278.0,1278.0,6.000008915928769
1279.0,1279.0,5.644873578464245
1280.0,1280.0,5.544749159175124
1281.0,1281.0,5.492234458786729
1282.0,1282.0,5.826473095225839
1283.0,1283.0,5.776926030596788
1284.0,1284.0,5.505564146448354
1285.0,1285.0,5.338546694374355
1286.0,1286.0,5.680784123980512
1287.0,1287.0,5.550686504216217
1288.0,1288.0,5.8480923372421625
1289.0,1289.0,5.764579038616992
1290.0,1290.0,5.748197314392618
1291.0,1291.0,5.603335692328482
1292.0,1292.0,5.413712378556154
1293.0,1293.0,5.413202426286869
1294.0,1294.0,5.268628629831862
1295.0,1295.0,5.750885220514083
1296.0,1296.0,5.500638460764315
1297.0,1297.0,5.657389084173085
1298.0,1298.0,5.223481159597373
1299.0,1299.0,5.348732262159314
1300.0,1300.0,5.283518020138968
1301.0,1301.0,4.97750414201888
1302.0,1302.0,5.097656497295277
1303.0,1303.0,5.296178451554966
1304.0,1304.0,5.0931622101482965
1305.0,1305.0,5.218488640896728
1306.0,1306.0,4.878803732280138
1307.0,1307.0,5.3137301598187365
1308.0,1308.0,5.524149291724901
1309.0,1309.0,5.008949022748535
1310.0,1310.0,4.738585331389857
1311.0,1311.0,4.950822829691831
1312.0,1312.0,4.85623070903968
1313.0,1313.0,4.544487035949804
1314.0,1314.0,4.765747094700742
1315.0,1315.0,4.99364867622924
1316.0,1316.0,5.023143246728618
1317.0,1317.0,4.9918776136817
1318.0,1318.0,5.107432960735889
1319.0,1319.0,4.930419074024725
1320.0,1320.0,5.071230847747033
1321.0,1321.0,5.196934698734618
1322.0,1322.0,5.041559444560781
1323.0,1323.0,5.384886121273639
1324.0,1324.0,5.368335852313672
1325.0,1325.0,5.520850957056993
1326.0,1326.0,5.291889679779925
1327.0,1327.0,5.379886139242414
1328.0,1328.0,5.477143156070915
1329.0,1329.0,5.142847896818175
1330.0,1330.0,5.393347186281261
1331.0,1331.0,5.376787843422742
1332.0,1332.0,5.306554573013707
1333.0,1333.0,5.422270501672135
1334.0,1334.0,5.588103339142516
1335.0,1335.0,5.600835505198073
1336.0,1336.0,5.615564949855205
1337.0,1337.0,5.6054642472034875
1338.0,1338.0,5.607231480161838
1339.0,1339.0,5.353146557920496
1340.0,1340.0,5.2803501251124025
1341.0,1341.0,5.424295089246553
1342.0,1342.0,5.233591362560476
1343.0,1343.0,6.215260321269526
1344.0,1344.0,5.330030359407315
1345.0,1345.0,5.310203432856709
1346.0,1346.0,5.33214399211565
1347.0,1347.0,5.605534818460399
1348.0,1348.0,5.486124147701905
1349.0,1349.0,5.399636376758293
1350.0,1350.0,5.786373094167554
1351.0,1351.0,5.539189976731283
1352.0,1352.0,5.582378725253591
1353.0,1353.0,5.785800830986698
1354.0,1354.0,6.357402088005312
1355.0,1355.0,5.590314844144202
1356.0,1356.0,5.490220948154464
1357.0,1357.0,5.0257274356116675
1358.0,1358.0,4.980922013447928
1359.0,1359.0,4.648005226596753
1360.0,1360.0,4.765193374589273
1361.0,1361.0,4.899352022134779
1362.0,1362.0,5.076610083272123
1363.0,1363.0,5.512152948284401
1364.0,1364.0,4.771872459757276
1365.0,1365.0,4.874428877323904
1366.0,1366.0,4.574900360953822
1367.0,1367.0,4.88839400582172
1368.0,1368.0,4.65571581701685
1369.0,1369.0,4.80955431477631
1370.0,1370.0,4.81189002971593
1371.0,1371.0,4.896698738325799
1372.0,1372.0,4.8744034686636555
1373.0,1373.0,4.56428609637926
1374.0,1374.0,4.885188898959916
1375.0,1375.0,4.939740068616144
1376.0,1376.0,4.6059612031050925
1377.0,1377.0,4.836313083396219
1378.0,1378.0,4.850488311599784
1379.0,1379.0,4.8070807166284935
1380.0,1380.0,4.734006226033814
1381.0,1381.0,4.884163797846465
1382.0,1382.0,4.83736406150972
1383.0,1383.0,4.857758490429582
1384.0,1384.0,4.688346946629544
1385.0,1385.0,4.876653056040103
1386.0,1386.0,5.073295572133375
1387.0,1387.0,5.062897381693538
1388.0,1388.0,4.910748260312299
1389.0,1389.0,4.972361870446226
1390.0,1390.0,5.099267848614313
1391.0,1391.0,5.138150370880005
1392.0,1392.0,5.001114939684234
1393.0,1393.0,4.829243067519955
1394.0,1394.0,4.754146921342005
1395.0,1395.0,5.01565668770772
1396.0,1396.0,4.708692072526918
1397.0,1397.0,5.055340590603845
1398.0,1398.0,5.199696880594268
1399.0,1399.0,5.162627544574693
1400.0,1400.0,5.641190097382815
1401.0,1401.0,5.4249083632067014
1402.0,1402.0,4.517634435198907
1403.0,1403.0,4.6038299107510845
1404.0,1404.0,4.741788122084081
1405.0,1405.0,4.6416226537362135
1406.0,1406.0,4.526339932254154
1407.0,1407.0,4.61669628069359
1408.0,1408.0,4.910426516114742
1409.0,1409.0,4.786458975386649
1410.0,1410.0,5.173277951511841
1411.0,1411.0,4.89271602534489
1412.0,1412.0,4.777818551432194
1413.0,1413.0,4.645566048699405
1414.0,1414.0,4.715253509475256
1415.0,1415.0,4.605995555034064
1416.0,1416.0,4.863466948723514
1417.0,1417.0,4.634784008476455
1418.0,1418.0,4.480763566336723
1419.0,1419.0,4.5366466666791485
1420.0,1420.0,4.668841048494416
1421.0,1421.0,4.659872564187206
1422.0,1422.0,4.8662602212560335
1423.0,1423.0,5.283532742785681
1424.0,1424.0,5.206044749007873
1425.0,1425.0,4.434614440062426
1426.0,1426.0,4.533518685450518
1427.0,1427.0,4.640288612982549
1428.0,1428.0,4.550310246371228
1429.0,1429.0,4.312208437702737
1430.0,1430.0,4.840498273092951
1431.0,1431.0,4.806918693048407
1432.0,1432.0,5.1110852331765555
1433.0,1433.0,4.45105447020444
1434.0,1434.0,4.488661978135772
1435.0,1435.0,4.582817015520388
1436.0,1436.0,4.9391274534366
1437.0,1437.0,4.509774822747454
1438.0,1438.0,4.40052968687216
1439.0,1439.0,4.770018222063674
1440.0,1440.0,4.750071007666146
1441.0,1441.0,5.404152734624378
1442.0,1442.0,5.135809315286004
1443.0,1443.0,4.887487861287945
1444.0,1444.0,5.067214067399564
1445.0,1445.0,5.165952117847262
1446.0,1446.0,5.217019363337635
1447.0,1447.0,5.225535302636424
1448.0,1448.0,5.2564539235907555
1449.0,1449.0,4.946443442797149
1450.0,1450.0,5.12641292970189
1451.0,1451.0,4.985971547881605
1452.0,1452.0,5.160627186082836
1453.0,1453.0,5.260002519987678
1454.0,1454.0,5.459915496517916
1455.0,1455.0,5.056232425829248
1456.0,1456.0,4.880006840714577
1457.0,1457.0,4.551514746842091
1458.0,1458.0,4.599094021729359
1459.0,1459.0,4.635367713171221
1460.0,1460.0,5.075804727205276
1461.0,1461.0,4.709898626459732
1462.0,1462.0,4.407097134875377
1463.0,1463.0,4.46277143572411
1464.0,1464.0,4.581813997747864
1465.0,1465.0,4.509200374435258
1466.0,1466.0,4.738001209143148
1467.0,1467.0,4.800016277030768
1468.0,1468.0,4.649643541062428
1469.0,1469.0,4.482586155908825
1470.0,1470.0,4.86576631327663
1471.0,1471.0,5.164304350075754
1472.0,1472.0,4.684884373668829
1473.0,1473.0,4.973861002433279
1474.0,1474.0,4.924010000112542
1475.0,1475.0,5.15209209237961
1476.0,1476.0,4.896551363103075
1477.0,1477.0,5.211125689076808
1478.0,1478.0,4.532578916966172
1479.0,1479.0,5.0512077654596235
1480.0,1480.0,4.912290335345423
1481.0,1481.0,5.056077863726773
1482.0,1482.0,5.045892114892399
1483.0,1483.0,4.760514619483834
1484.0,1484.0,4.764834253261888
1485.0,1485.0,4.822251341457562
1486.0,1486.0,4.708252824264874
1487.0,1487.0,4.478133309518901
1488.0,1488.0,4.711997632953095
1489.0,1489.0,4.908549718453798
1490.0,1490.0,4.992607368693525
1491.0,1491.0,4.565290681827448
1492.0,1492.0,4.683448259735777
1493.0,1493.0,4.512214946299536
1494.0,1494.0,4.222262463382424
1495.0,1495.0,4.657644930736942
1496.0,1496.0,4.352967919594771
1497.0,1497.0,4.453397339991879
1498.0,1498.0,4.630904243802666
1499.0,1499.0,4.551302837580426
1500.0,1500.0,4.621247985405331
1501.0,1501.0,4.260553695950203
1502.0,1502.0,4.88247089860256
1503.0,1503.0,4.792322028420528
1504.0,1504.0,4.446314110698205
1505.0,1505.0,4.997004966508014
1506.0,1506.0,4.7756130936446315
1507.0,1507.0,4.877016627213571
1508.0,1508.0,5.182480606847723
1509.0,1509.0,4.568502944785258
1510.0,1510.0,4.512462038925224
1511.0,1511.0,4.861646463746368
1512.0,1512.0,4.338190993859918
1513.0,1513.0,4.680843462534202
1514.0,1514.0,4.79780658214408
1515.0,1515.0,4.605919947700882
1516.0,1516.0,4.738131175673835
1517.0,1517.0,4.783685993622516
1518.0,1518.0,4.508430125423403
1519.0,1519.0,4.316362199782516
1520.0,1520.0,4.701879961480798
1521.0,1521.0,4.7070317729697875
1522.0,1522.0,4.654707887397407
1523.0,1523.0,4.548871443327039
1524.0,1524.0,4.35512172645946
1525.0,1525.0,4.6299350883352135
1526.0,1526.0,4.416769062341417
1527.0,1527.0,4.726370753966725
1528.0,1528.0,4.891333727579578
1529.0,1529.0,4.7919676696346425
1530.0,1530.0,5.218242731190994
1531.0,1531.0,5.410452423831571
1532.0,1532.0,4.848547782579741
1533.0,1533.0,4.947964488167578
1534.0,1534.0,4.97146863029043
1535.0,1535.0,4.711412450582218
1536.0,1536.0,4.690018078259153
1537.0,1537.0,4.498647984965541
1538.0,1538.0,4.6798009774099105
1539.0,1539.0,4.515276284250155
1540.0,1540.0,4.572794407620083
1541.0,1541.0,4.45709463062351
1542.0,1542.0,4.604815122711486
1543.0,1543.0,4.502483658988134
1544.0,1544.0,4.449504874928352
1545.0,1545.0,4.496996520782212
1546.0,1546.0,4.588696048354253
1547.0,1547.0,4.658563318088502
1548.0,1548.0,4.885390315823999
1549.0,1549.0,4.1664072846828875
1550.0,1550.0,4.536037057258171
1551.0,1551.0,4.854160437634781
1552.0,1552.0,4.770150335574628
1553.0,1553.0,5.004801263715325
1554.0,1554.0,4.611884552920017
1555.0,1555.0,4.608847450614279
1556.0,1556.0,4.592733161330142
1557.0,1557.0,4.432695646073556
1558.0,1558.0,4.531443461283736
1559.0,1559.0,4.55895144192768
1560.0,1560.0,4.57834431514738
1561.0,1561.0,4.239066368796602
1562.0,1562.0,4.644665645066058
1563.0,1563.0,4.590953294889445
1564.0,1564.0,4.208664567577676
1565.0,1565.0,4.373475582277794
1566.0,1566.0,3.9320715108487896
1567.0,1567.0,4.070119498898534
1568.0,1568.0,4.213219716800968
1569.0,1569.0,3.990346886648664
1570.0,1570.0,4.31054266429585
1571.0,1571.0,3.9752572677671494
1572.0,1572.0,4.255389536094931
1573.0,1573.0,4.374644706500396
1574.0,1574.0,4.481361715416699
1575.0,1575.0,4.328109007569373
1576.0,1576.0,4.543666930001965
1577.0,1577.0,4.6011607349592945
1578.0,1578.0,4.445906778361701
1579.0,1579.0,4.355695693220066
1580.0,1580.0,4.226316342102511
1581.0,1581.0,4.417666864737986
1582.0,1582.0,4.516793296505407
1583.0,1583.0,4.560484611081495
1584.0,1584.0,4.241469057340148
1585.0,1585.0,3.749031610031704
1586.0,1586.0,3.9383380549709015
1587.0,1587.0,4.411890305223
1588.0,1588.0,4.213446988321987
1589.0,1589.0,4.092244249705375
1590.0,1590.0,4.1379336258076735
1591.0,1591.0,4.2980071625904985
1592.0,1592.0,4.4160128299749575
1593.0,1593.0,4.186523051542329
1594.0,1594.0,4.25110762785281
1595.0,1595.0,4.355676542122725
1596.0,1596.0,4.356958641737109
1597.0,1597.0,4.478118563152136
1598.0,1598.0,4.734619793470879
1599.0,1599.0,4.648545680577564
1600.0,1600.0,4.3869140493659105
1601.0,1601.0,4.732090792447031
1602.0,1602.0,4.3268405656192375
1603.0,1603.0,4.690240625428248
1604.0,1604.0,5.1813924740784545
1605.0,1605.0,4.686659251571975
1606.0,1606.0,4.369025322174216
1607.0,1607.0,4.4575243417940245
1608.0,1608.0,4.459064498528944
1609.0,1609.0,4.707138849917016
1610.0,1610.0,4.4270367640554955
1611.0,1611.0,4.248033466530529
1612.0,1612.0,4.105406076232217
1613.0,1613.0,4.1486748794731385
1614.0,1614.0,4.496503221793842
1615.0,1615.0,4.461746487979408
1616.0,1616.0,4.301716778587294
1617.0,1617.0,4.6353131233791185
1618.0,1618.0,4.346204455623449
1619.0,1619.0,4.324893854960091
1620.0,1620.0,4.630017088001872
1621.0,1621.0,4.741151547227949
1622.0,1622.0,4.718381307233811
1623.0,1623.0,4.731510672838127
1624.0,1624.0,4.6442053755880615
1625.0,1625.0,4.619178599735146
1626.0,1626.0,4.268043353685032
1627.0,1627.0,4.391011278192137
1628.0,1628.0,4.520829135992166
1629.0,1629.0,4.58802875141209
1630.0,1630.0,4.648918406227385
1631.0,1631.0,4.846075771047602
1632.0,1632.0,4.788419852189187
1633.0,1633.0,4.621124603474681
1634.0,1634.0,5.038972874119276
1635.0,1635.0,4.828827929506018
1636.0,1636.0,5.064472144431921
1637.0,1637.0,4.712613732926709
1638.0,1638.0,4.617925984673018
1639.0,1639.0,4.671392188004505
1640.0,1640.0,4.888450254265459
1641.0,1641.0,4.6260714005860315
1642.0,1642.0,4.839866158810129
1643.0,1643.0,4.8415593754733
1644.0,1644.0,4.673443582572258
1645.0,1645.0,4.74718919547609
1646.0,1646.0,4.933462517091074
1647.0,1647.0,4.929797647427381
1648.0,1648.0,5.022185966938942
1649.0,1649.0,5.109613147418257
1650.0,1650.0,4.853658662882859
1651.0,1651.0,4.901247835487575
1652.0,1652.0,4.945395729139701
1653.0,1653.0,5.159600771424685
1654.0,1654.0,5.136760330873725
1655.0,1655.0,5.160714965671826
1656.0,1656.0,4.926257544624698
1657.0,1657.0,4.942552426459734
1658.0,1658.0,4.760072989019682
1659.0,1659.0,5.072600746651084
1660.0,1660.0,5.124211561248754
1661.0,1661.0,4.819643475538225
1662.0,1662.0,4.6427896460128295
1663.0,1663.0,5.262572092966207
1664.0,1664.0,4.842971766363773
1665.0,1665.0,4.758887532466061
1666.0,1666.0,4.631891585493021
1667.0,1667.0,5.106359218863144
1668.0,1668.0,4.81501119996213
1669.0,1669.0,4.79421771712791
1670.0,1670.0,4.528364545505348
1671.0,1671.0,4.29570605192484
1672.0,1672.0,4.197478760103539
1673.0,1673.0,4.298043560021364
1674.0,1674.0,4.464371922932636
1675.0,1675.0,4.935189551040927
1676.0,1676.0,4.706382205231415
1677.0,1677.0,5.319821589316092
1678.0,1678.0,5.179884623050789
1679.0,1679.0,4.634611441805205
1680.0,1680.0,4.814559887266021
1681.0,1681.0,4.618195645177768
1682.0,1682.0,4.827362399609045
1683.0,1683.0,4.530657309587402
1684.0,1684.0,4.40769838287201
1685.0,1685.0,4.65185186513509
1686.0,1686.0,4.450178437305401
1687.0,1687.0,4.364065501805491
1688.0,1688.0,4.38274636312348
1689.0,1689.0,4.1291140174864305
1690.0,1690.0,4.467718921157969
1691.0,1691.0,4.335630380858136
1692.0,1692.0,4.4409490114373344
1693.0,1693.0,4.57046275994242
1694.0,1694.0,4.484616126884207
1695.0,1695.0,4.354511789851117
1696.0,1696.0,4.609062763320983
1697.0,1697.0,4.228774042209753
1698.0,1698.0,4.4170468225905894
1699.0,1699.0,4.5113589854572576
1700.0,1700.0,4.3868217969363155
1701.0,1701.0,4.30373948114807
1702.0,1702.0,4.5369465909105955
1703.0,1703.0,4.471548278155085
1704.0,1704.0,4.651567181029667
1705.0,1705.0,4.854262109255567
1706.0,1706.0,4.467601274839637
1707.0,1707.0,4.668778483202106
1708.0,1708.0,4.563500126105407
1709.0,1709.0,4.626465698137404
1710.0,1710.0,4.482901384197505
1711.0,1711.0,4.753451517864635
1712.0,1712.0,4.4359018707540985
1713.0,1713.0,4.177627210922532
1714.0,1714.0,5.079177880373285
1715.0,1715.0,4.998460170037781
1716.0,1716.0,5.080709733125106
1717.0,1717.0,5.34346924202834
1718.0,1718.0,4.9199134064471775
1719.0,1719.0,5.053428698960576
1720.0,1720.0,4.74467151972281
1721.0,1721.0,4.936076554896872
1722.0,1722.0,4.85534763684407
1723.0,1723.0,4.841085475297883
1724.0,1724.0,5.173054238737786
1725.0,1725.0,4.994119528802127
1726.0,1726.0,5.108151276157896
1727.0,1727.0,4.913832716367719
1728.0,1728.0,5.026293989766491
1729.0,1729.0,4.937445856558267
1730.0,1730.0,5.081988952577689
1731.0,1731.0,5.06061907279669
1732.0,1732.0,5.025404881856791
1733.0,1733.0,4.887037942666536
1734.0,1734.0,4.8776015697618496
1735.0,1735.0,5.09145674322956
1736.0,1736.0,5.265747264133256
1737.0,1737.0,4.717154292340161
1738.0,1738.0,5.240779495422814
1739.0,1739.0,5.405172883185939
1740.0,1740.0,5.0144052073421665
1741.0,1741.0,5.2393413030040294
1742.0,1742.0,5.285790032991947
1743.0,1743.0,5.170110561706414
1744.0,1744.0,5.844513736845566
1745.0,1745.0,5.771996188164483
1746.0,1746.0,5.592058374796982
1747.0,1747.0,5.893829798706486
1748.0,1748.0,5.520214477315002
1749.0,1749.0,5.832029654423858
1750.0,1750.0,5.640152468973319
1751.0,1751.0,5.808584815666402
1752.0,1752.0,5.1609345002416065
1753.0,1753.0,5.299277316014067
1754.0,1754.0,4.988094741241819
1755.0,1755.0,4.816763176272428
1756.0,1756.0,5.042117969252978
1757.0,1757.0,5.567847981408532
1758.0,1758.0,5.202460592373279
1759.0,1759.0,5.363724621354909
1760.0,1760.0,4.866836088509244
1761.0,1761.0,4.640583657986967
1762.0,1762.0,4.532646439116133
1763.0,1763.0,4.767177424974723
1764.0,1764.0,4.620841769942305
1765.0,1765.0,4.812513712182109
1766.0,1766.0,3.9163606497662706
1767.0,1767.0,3.2445799436728264
1768.0,1768.0,3.2032791171176536
1769.0,1769.0,2.926712116266474
1770.0,1770.0,3.54400479076579
1771.0,1771.0,3.5439518341752825
1772.0,1772.0,3.6738631918786586
1773.0,1773.0,4.3750769204313
1774.0,1774.0,3.4063090717905578
1775.0,1775.0,3.2990050686194827
1776.0,1776.0,4.142850495711826
1777.0,1777.0,3.6265574553729505
1778.0,1778.0,3.744251212226439
1779.0,1779.0,3.8989260048454786
1780.0,1780.0,4.563651241045185
1781.0,1781.0,3.6391179803911085
1782.0,1782.0,4.262005341491349
1783.0,1783.0,3.733535858497021
1784.0,1784.0,3.599563882687205
1785.0,1785.0,3.9461928000204685
1786.0,1786.0,5.549555490473303
1787.0,1787.0,5.046844659388006
